sum_prob_cal_date_100,sum_prob
46549.5,0
46449.5,1.81E-08
46349.5,1.81E-08
46249.5,1.81E-08
46149.5,1.81E-08
46049.5,3.62E-08
45949.5,7.25E-08
45849.5,1.09E-07
45749.5,1.27E-07
45649.5,1.63E-07
45549.5,1.99E-07
45449.5,2.72E-07
45349.5,3.81E-07
45249.5,5.07E-07
45149.5,6.34E-07
45049.5,8.34E-07
44949.5,1.14E-06
44849.5,1.56E-06
44749.5,2.21E-06
44649.5,0.00000339
44549.5,0.00000556
44449.5,0.00000924
44349.5,0.0000146
44249.5,0.0000212
44149.5,0.0000287
44049.5,0.0000377
43949.5,0.0000476
43849.5,0.0000565
43749.5,0.0000611
43649.5,0.0000601
43549.5,0.0000567
43449.5,0.0000587
43349.5,0.00007
43249.5,0.0000902
43149.5,0.00012
43049.5,0.000162
42949.5,0.000228
42849.5,0.000324
42749.5,0.000439
42649.5,0.000559
42549.5,0.000694
42449.5,0.00084
42349.5,0.000955
42249.5,0.000972
42149.5,0.000884
42049.5,0.000736
41949.5,0.000575
41849.5,0.000434
41749.5,0.000338
41649.5,0.000287
41549.5,0.000251
41449.5,0.000203
41349.5,0.000144
41249.5,0.000092
41149.5,0.0000548
41049.5,0.0000317
40949.5,0.0000184
40849.5,0.0000114
40749.5,0.00000743
40649.5,0.00000453
40549.5,2.39E-06
40449.5,0.00000121
40349.5,7.07E-07
40249.5,5.26E-07
40149.5,4.17E-07
40049.5,2.72E-07
39949.5,1.45E-07
39849.5,7.25E-08
39749.5,3.62E-08
39649.5,1.81E-08
39549.5,0
39449.5,0
39349.5,0
39249.5,3.62E-08
39149.5,1.09E-07
39049.5,3.08E-07
38949.5,5.44E-07
38849.5,7.25E-07
38749.5,8.15E-07
38649.5,9.42E-07
38549.5,1.20E-06
38449.5,1.58E-06
38349.5,2.05E-06
38249.5,2.57E-06
38149.5,0.00000319
38049.5,0.00000366
37949.5,0.00000371
37849.5,0.00000373
37749.5,0.00000449
37649.5,0.00000786
37549.5,0.0000168
37449.5,0.0000299
37349.5,0.0000394
37249.5,0.00005
37149.5,0.0000701
37049.5,0.000112
36949.5,0.000191
36849.5,0.000285
36749.5,0.000362
36649.5,0.000426
36549.5,0.000511
36449.5,0.00063
36349.5,0.000785
36249.5,0.000939
36149.5,0.000987
36049.5,0.000891
35949.5,0.00077
35849.5,0.000696
35749.5,0.000636
35649.5,0.000542
35549.5,0.000425
35449.5,0.000291
35349.5,0.000154
35249.5,0.0000581
35149.5,0.0000212
35049.5,0.0000138
34949.5,0.0000134
34849.5,0.0000104
34749.5,0.00000471
34649.5,1.18E-06
34549.5,1.99E-07
34449.5,3.62E-08
34349.5,0
34249.5,0
34149.5,0
34049.5,0
33949.5,0
33849.5,0
33749.5,0
33649.5,0
33549.5,0
33449.5,0
33349.5,0
33249.5,0
33149.5,0
33049.5,0
32949.5,0
32849.5,0
32749.5,0
32649.5,0
32549.5,0
32449.5,0
32349.5,0
32249.5,0
32149.5,0
32049.5,0
31949.5,0
31849.5,0
31749.5,3.62E-08
31649.5,4.71E-07
31549.5,2.65E-06
31449.5,0.00000516
31349.5,0.00000964
31249.5,0.0000468
31149.5,0.000527
31049.5,0.00221
30949.5,0.002349
30849.5,0.001711
30749.5,0.000881
30649.5,0.000617
30549.5,0.000708
30449.5,0.000622
30349.5,0.000237
30249.5,0.0000593
30149.5,0.0000138
30049.5,6.52E-07
29949.5,0
29849.5,0
29749.5,0
29649.5,0
29549.5,0
29449.5,0
29349.5,0
29249.5,0
29149.5,1.81E-08
29049.5,3.62E-07
28949.5,1.41E-06
28849.5,0.00000515
28749.5,0.000044
28649.5,0.000305
28549.5,0.000783
28449.5,0.001088
28349.5,0.00129
28249.5,0.001518
28149.5,0.001558
28049.5,0.001509
27949.5,0.001279
27849.5,0.000578
27749.5,0.0000411
27649.5,0.0000258
27549.5,0.0000989
27449.5,0.000134
27349.5,0.000788
27249.5,0.004441
27149.5,0.003115
27049.5,0.001033
26949.5,0.00021
26849.5,0.0000197
26749.5,0.0000135
26649.5,0.0000622
26549.5,0.0000524
26449.5,0.00000689
26349.5,0
26249.5,0
26149.5,0
26049.5,0
25949.5,0
25849.5,0
25749.5,0
25649.5,0
25549.5,0
25449.5,0
25349.5,0
25249.5,0
25149.5,0
25049.5,0
24949.5,0
24849.5,0
24749.5,0
24649.5,0
24549.5,0
24449.5,0
24349.5,0
24249.5,0
24149.5,0
24049.5,0
23949.5,0
23849.5,0
23749.5,0
23649.5,0
23549.5,0
23449.5,0
23349.5,0
23249.5,0
23149.5,0
23049.5,0
22949.5,0.000044
22849.5,0.001784
22749.5,0.002883
22649.5,0.003818
22549.5,0.007895
22449.5,0.012155
22349.5,0.00139
22249.5,0.0000307
22149.5,6.89E-07
22049.5,0
21949.5,0
21849.5,1.63E-07
21749.5,0.00000462
21649.5,0.000025
21549.5,0.0000177
21449.5,0.0000823
21349.5,0.001594
21249.5,0.002317
21149.5,0.002614
21049.5,0.002471
20949.5,0.00086
20849.5,0.000015
20749.5,1.45E-07
20649.5,1.81E-08
20549.5,0
20449.5,0
20349.5,0
20249.5,0
20149.5,0
20049.5,0
19949.5,0
19849.5,0
19749.5,0
19649.5,0
19549.5,0.000014
19449.5,0.000912
19349.5,0.003047
19249.5,0.00364
19149.5,0.002176
19049.5,0.000205
18949.5,0.00000665
18849.5,0
18749.5,0.0000169
18649.5,0.001976
18549.5,0.001437
18449.5,0.003244
18349.5,0.003174
18249.5,0.000152
18149.5,0.000156
18049.5,0.001021
17949.5,0.00279
17849.5,0.003925
17749.5,0.001032
17649.5,0.000582
17549.5,0.000456
17449.5,0.000038
17349.5,0.0000496
17249.5,0.00115
17149.5,0.00136
17049.5,0.006561
16949.5,0.000802
16849.5,0.0000673
16749.5,0.0000105
16649.5,9.97E-07
16549.5,0.0000399
16449.5,0.000496
16349.5,0.002858
16249.5,0.00486
16149.5,0.001549
16049.5,0.000194
15949.5,0.00000379
15849.5,7.25E-08
15749.5,0
15649.5,0
15549.5,0
15449.5,0
15349.5,0
15249.5,0
15149.5,0
15049.5,0
14949.5,2.72E-07
14849.5,0.0000314
14749.5,0.001775
14649.5,0.0000424
14549.5,0.000177
14449.5,0.000912
14349.5,0.00194
14249.5,0.007061
14149.5,0.007633
14049.5,0.001756
13949.5,0.004316
13849.5,0.004331
13749.5,0.0000257
13649.5,3.44E-07
13549.5,3.44E-07
13449.5,0.001234
13349.5,0.007757
13249.5,0.002819
13149.5,0.018119
13049.5,0.0000689
12949.5,8.15E-07
12849.5,0
12749.5,1.81E-08
12649.5,0
12549.5,0
12449.5,0
12349.5,0
12249.5,0
12149.5,0
12049.5,0
11949.5,0
11849.5,0
11749.5,0
11649.5,0
11549.5,0
11449.5,0
11349.5,0
11249.5,0.0000623
11149.5,0.008243
11049.5,0.004693
10949.5,0.004778
10849.5,0.004745
10749.5,0.010313
10649.5,0.007693
10549.5,0.008439
10449.5,0.007841
10349.5,0.003096
10249.5,0.009914
10149.5,0.000277
10049.5,0.000375
9949.5,0.000372
9849.5,0.003836
9749.5,0.004111
9649.5,0.001271
9549.5,0.011436
9449.5,0.017069
9349.5,0.001413
9249.5,0.000122
9149.5,0.000765
9049.5,0.008627
8949.5,0.000326
8849.5,0.000165
8749.5,0.0000187
8649.5,0.0000405
8549.5,0.006746
8449.5,0.003213
8349.5,0.002206
8249.5,0.007623
8149.5,0.006737
8049.5,0.003685
7949.5,0.010152
7849.5,0.007426
7749.5,0.002309
7649.5,0.009548
7549.5,0.00939
7449.5,0.000936
7349.5,0.000382
7249.5,0.009031
7149.5,0.006265
7049.5,0.004215
6949.5,0.0000945
6849.5,7.25E-08
6749.5,0
6649.5,0
6549.5,0
6449.5,0
6349.5,0
6249.5,0
6149.5,0
6049.5,0
5949.5,0
5849.5,0
5749.5,0
5649.5,0
5549.5,0
5449.5,9.06E-08
5349.5,7.25E-08
5249.5,0.002157
5149.5,0.001823
5049.5,0.003413
4949.5,0.002411
4849.5,0.000197
4749.5,0
4649.5,0
4549.5,0
4449.5,0
4349.5,0
4249.5,0
4149.5,0
4049.5,0
3949.5,0
3849.5,0
3749.5,0
3649.5,0
3549.5,0
3449.5,0.000103
3349.5,0.006445
3249.5,0.003424
3149.5,0.0000283
3049.5,1.09E-07
2949.5,0
2849.5,3.81E-07
2749.5,0.004007
2649.5,0.001878
2549.5,0.003901
2449.5,0.000178
2349.5,0.000788
2249.5,0.00656
2149.5,0.006927
2049.5,0.005722
1949.5,0.0000474
1849.5,0.001997
1749.5,0.007844
1649.5,0.007675
1549.5,0.002469
1449.5,0.00000665
1349.5,0.006099
1249.5,0.012069
1149.5,0.002011
1049.5,0.003803
949.5,0.006004
849.5,0.0000133
749.5,5.44E-08
649.5,1.81E-08
549.5,0.0000114
449.5,0.00535
349.5,0.004637
249.5,9.06E-07
149.5,5.07E-07
49.5,0
